run,target,bcm_used,current_offset_correction,boiling_correction
27106,LH2,BCM2_I,0.998,1.006
27107,Dummy,BCM2_I,0.999,1.000
27108,Dummy,BCM2_I,-999,-999
27109,LH2,BCM2_I,-999,-999
27113,LH2,BCM2_I,0.999,1.009
27114,LH2,BCM2_I,0.999,1.009
27115,LH2,BCM2_I,0.999,1.009
27116,LH2,BCM2_I,0.999,1.009
27118,LH2,BCM2_I,0.999,1.009
27119,LH2,BCM2_I,0.999,1.009
27120,LH2,BCM2_I,0.999,1.009
27121,LH2,BCM2_I,0.999,1.009
27122,LH2,BCM2_I,0.999,1.009
27123,LH2,BCM2_I,0.999,1.009
27124,LH2,BCM2_I,0.999,1.009
27125,LH2,BCM2_I,0.999,1.009
27126,LH2,BCM2_I,0.999,1.009
27127,LH2,BCM2_I,0.999,1.009
27128,LH2,BCM2_I,0.999,1.009
27129,LH2,BCM2_I,0.999,1.009
27130,LH2,BCM2_I,0.999,1.009
27131,LH2,BCM2_I,0.999,1.009
27132,LH2,BCM2_I,0.999,1.009
27133,LH2,BCM2_I,0.999,1.009
27134,LH2,BCM2_I,0.999,1.009
27135,Dummy,BCM2_I,0.999,1.000
27136,Dummy,BCM2_I,0.999,1.000
27137,Dummy,BCM2_I,0.999,1.000
27138,Dummy,BCM2_I,0.999,1.000
27139,LH2,BCM2_I,0.999,1.009
27140,LH2,BCM2_I,0.999,1.009
27141,LH2,BCM2_I,0.999,1.009
27142,LH2,BCM2_I,0.999,1.009
27143,LH2,BCM2_I,0.999,1.009
27144,LH2,BCM2_I,0.999,1.009
27145,LH2,BCM2_I,0.999,1.009
27146,LH2,BCM2_I,0.999,1.009
27147,LH2,BCM2_I,0.999,1.009
27148,LH2,BCM2_I,0.999,1.009
27149,LH2,BCM2_I,0.999,1.009
27150,Dummy,BCM2_I,0.999,1.000
27151,Dummy,BCM2_I,0.999,1.000
27152,Dummy,BCM2_I,0.999,1.000
27153,LH2,BCM2_I,0.999,1.009
27154,LH2,BCM2_I,0.999,1.009
27155,LH2,BCM2_I,0.999,1.009
27156,LH2,BCM2_I,0.999,1.017
27157,LH2,BCM2_I,0.999,1.018
27158,LH2,BCM2_I,0.999,1.017
27159,LH2,BCM2_I,0.999,1.017
27160,Dummy,BCM2_I,0.999,1.000
27161,Dummy,BCM2_I,0.999,1.000
27162,LH2,BCM2_I,0.998,1.007
27163,LH2,BCM2_I,0.999,1.010
27164,LH2,BCM2_I,0.999,1.010
27165,LH2,BCM2_I,0.999,1.010
27166,LH2,BCM2_I,0.999,1.010
27167,LH2,BCM2_I,0.999,1.010
27168,LH2,BCM2_I,0.999,1.010
27169,LH2,BCM2_I,0.999,1.010
27170,LH2,BCM2_I,0.999,1.010
27171,LH2,BCM2_I,0.999,1.011
27172,LH2,BCM2_I,0.999,1.011
27173,LH2,BCM2_I,0.999,1.010
27174,LH2,BCM2_I,0.999,1.010
27175,LH2,BCM2_I,0.999,1.010
27176,Dummy,BCM2_I,0.999,1.000
27177,Dummy,BCM2_I,0.999,1.000
27178,Dummy,BCM2_I,0.999,1.000
27179,Dummy,BCM2_I,0.999,1.000
27180,LH2,BCM2_I,0.999,1.010
27181,LH2,BCM2_I,0.999,1.010
27182,LH2,BCM2_I,0.999,1.010
27183,LH2,BCM2_I,0.999,1.010
27184,LH2,BCM2_I,0.999,1.010
27185,LH2,BCM2_I,0.999,1.011
27186,Dummy,BCM2_I,0.999,1.000
27187,Dummy,BCM2_I,0.999,1.000
27188,Dummy,BCM2_I,0.999,1.000
27189,LH2,BCM2_I,0.999,1.016
27190,LH2,BCM2_I,0.999,1.017
27191,LH2,BCM2_I,0.999,1.019
27192,LH2,BCM2_I,0.999,1.019
27194,LH2,BCM2_I,0.999,1.019
27195,Dummy,BCM2_I,0.999,1.000
27196,Dummy,BCM2_I,0.999,1.000
27197,Dummy,BCM2_I,0.999,1.000
27198,LH2,BCM2_I,0.999,1.019
27199,LH2,BCM2_I,0.999,1.019
27200,Dummy,BCM2_I,0.999,1.000
27201,LH2,BCM2_I,0.999,1.021
27202,LH2,BCM2_I,0.999,1.022
27203,LH2,BCM2_I,0.999,1.023
27204,LH2,BCM2_I,0.999,1.024
27206,LH2,BCM2_I,0.999,1.024
27208,LH2,BCM2_I,0.999,1.022
27209,LH2,BCM2_I,0.999,1.024
27210,LH2,BCM2_I,0.999,1.024
27211,LH2,BCM2_I,0.999,1.023
27212,LH2,BCM2_I,0.999,1.024
27213,LH2,BCM2_I,0.999,1.024
27214,LH2,BCM2_I,0.999,1.024
27215,LH2,BCM2_I,0.999,1.024
27216,Dummy,BCM2_I,0.999,1.000
27217,Dummy,BCM2_I,0.999,1.000
27218,Dummy,BCM2_I,0.999,1.000
27219,Dummy,BCM2_I,0.999,1.000
27220,Dummy,BCM2_I,0.999,1.000
27221,LH2,BCM2_I,0.999,1.022
27222,LH2,BCM2_I,0.999,1.023
27223,LH2,BCM2_I,0.999,1.023
27224,LH2,BCM2_I,0.999,1.024
27225,LH2,BCM2_I,0.999,1.024
27226,LH2,BCM2_I,0.999,1.024
27227,LH2,BCM2_I,0.999,1.023
27228,LH2,BCM2_I,0.999,1.024
27229,LH2,BCM2_I,0.999,1.023
27230,LH2,BCM2_I,0.999,1.024
27231,LH2,BCM2_I,0.999,1.024
27232,Dummy,BCM2_I,0.999,1.000
27233,Dummy,BCM2_I,0.999,1.000
27234,Dummy,BCM2_I,0.999,1.000
27235,Dummy,BCM2_I,0.999,1.000
27236,LD2,BCM2_I,0.998,1.005
27237,LD2,BCM2_I,0.999,1.006
27238,LD2,BCM2_I,0.999,1.006
27239,LD2,BCM2_I,0.999,1.006
27240,LD2,BCM2_I,0.999,1.006
27241,LD2,BCM2_I,0.999,1.006
27242,LD2,BCM2_I,0.999,1.006
27243,LD2,BCM2_I,0.999,1.006
27244,LD2,BCM2_I,0.999,1.006
27245,LD2,BCM2_I,0.999,1.006
27246,LD2,BCM2_I,0.999,1.006
27247,LD2,BCM2_I,0.999,1.006
27248,LD2,BCM2_I,0.999,1.006
27249,LH2,BCM2_I,0.999,1.021
27250,LH2,BCM2_I,0.999,1.020
27251,LH2,BCM2_I,0.999,1.020
27252,LH2,BCM2_I,0.999,1.021
27253,LH2,BCM2_I,0.999,1.021
27254,LH2,BCM2_I,0.999,1.021
27255,LH2,BCM2_I,0.999,1.021
27257,LH2,BCM2_I,0.999,1.020
27258,LH2,BCM2_I,0.999,1.020
27259,LH2,BCM2_I,0.999,1.021
27261,LH2,BCM2_I,0.999,1.021
27262,LH2,BCM2_I,0.999,1.021
27264,LH2,BCM2_I,0.999,1.020
27265,Dummy,BCM2_I,0.999,1.000
27266,Dummy,BCM2_I,0.999,1.000
27267,Dummy,BCM2_I,0.999,1.000
27269,Dummy,BCM2_I,0.999,1.000
27270,Dummy,BCM2_I,0.999,1.000
27271,C,BCM2_I,0.999,1.000
27272,C,BCM2_I,0.999,1.000
27273,C,BCM2_I,0.999,1.000
27274,C,BCM2_I,0.999,1.000
27275,C,BCM2_I,0.999,1.000
27276,C,BCM2_I,0.999,1.000
27277,C,BCM2_I,0.999,1.000
27278,C,BCM2_I,0.999,1.000
27279,C,BCM2_I,0.999,1.000
27280,C,BCM2_I,0.999,1.000
27281,C,BCM2_I,0.999,1.000
27282,C,BCM2_I,0.999,1.000
27283,C,BCM2_I,0.999,1.000
27284,C,BCM2_I,0.999,1.000
27285,Cu,BCM2_I,0.999,1.000
27286,Cu,BCM2_I,0.999,1.000
27287,Cu,BCM2_I,0.999,1.000
27288,Cu,BCM2_I,0.999,1.000
27289,Cu,BCM2_I,0.999,1.000
27290,Cu,BCM2_I,0.999,1.000
27291,Cu,BCM2_I,0.999,1.000
27292,Cu,BCM2_I,0.999,1.000
27293,Cu,BCM2_I,0.999,1.000
27294,Cu,BCM2_I,0.999,1.000
27295,Cu,BCM2_I,0.999,1.000
27297,Cu,BCM2_I,0.999,1.000
27298,Al,BCM2_I,0.999,1.000
27299,Al,BCM2_I,0.999,1.000
27300,LD2,BCM2_I,0.999,1.006
27301,LD2,BCM2_I,0.999,1.006
27302,LD2,BCM2_I,0.999,1.006
27303,LD2,BCM2_I,0.999,1.006
27304,LD2,BCM2_I,0.999,1.006
27305,LD2,BCM2_I,0.999,1.006
27306,LD2,BCM2_I,0.999,1.006
27307,LD2,BCM2_I,0.999,1.006
27308,LD2,BCM2_I,0.999,1.006
27309,LD2,BCM2_I,0.999,1.006
27310,LH2,BCM2_I,0.999,1.019
27311,LH2,BCM2_I,0.999,1.019
27312,LH2,BCM2_I,0.999,1.019
27313,LH2,BCM2_I,0.999,1.019
27314,LH2,BCM2_I,0.999,1.019
27315,LH2,BCM2_I,0.999,1.019
27316,LH2,BCM2_I,0.999,1.019
27317,LH2,BCM2_I,0.999,1.019
27318,LH2,BCM2_I,0.999,1.018
27319,LH2,BCM2_I,0.999,1.019
27320,Dummy,BCM2_I,0.999,1.000
27321,Dummy,BCM2_I,0.999,1.000
27322,Dummy,BCM2_I,0.999,1.000
27323,Dummy,BCM2_I,0.999,1.000
27324,C,BCM2_I,0.999,1.000
27326,C,BCM2_I,0.999,1.000
27327,C,BCM2_I,0.999,1.000
27328,C,BCM2_I,0.999,1.000
27329,C,BCM2_I,0.999,1.000
27330,C,BCM2_I,0.999,1.000
27331,C,BCM2_I,0.999,1.000
27332,C,BCM2_I,0.999,1.000
27333,C,BCM2_I,0.999,1.000
27334,C,BCM2_I,0.999,1.000
27335,Cu,BCM2_I,0.999,1.000
27336,Cu,BCM2_I,0.999,1.000
27337,Cu,BCM2_I,0.999,1.000
27338,Cu,BCM2_I,0.999,1.000
27339,Cu,BCM2_I,0.999,1.000
27340,Cu,BCM2_I,0.999,1.000
27341,Cu,BCM2_I,0.999,1.000
27342,Cu,BCM2_I,0.999,1.000
27343,Cu,BCM2_I,0.999,1.000
27344,Cu,BCM2_I,0.999,1.000
27345,Cu,BCM2_I,0.999,1.000
27347,Cu,BCM2_I,0.999,1.000
27348,Cu,BCM2_I,0.999,1.000
27349,Cu,BCM2_I,0.999,1.000
27350,Cu,BCM2_I,0.999,1.000
27352,LH2,BCM2_I,0.999,1.023
27355,Dummy,BCM2_I,0.999,1.000
27356,LD2,BCM2_I,0.999,1.011
27357,LH2,BCM2_I,0.999,1.024
27358,LH2,BCM2_I,0.999,1.024
27361,LH2,BCM2_I,0.999,1.024
27362,LH2,BCM2_I,0.999,1.024
27363,LH2,BCM2_I,0.999,1.023
27364,LH2,BCM2_I,0.999,1.023
27365,LH2,BCM2_I,0.999,1.024
27366,LH2,BCM2_I,0.999,1.023
27367,LH2,BCM2_I,0.999,1.024
27368,LH2,BCM2_I,0.999,1.024
27369,LH2,BCM2_I,0.999,1.024
27370,LH2,BCM2_I,0.999,1.024
27372,LH2,BCM2_I,0.999,1.023
27373,LH2,BCM2_I,0.999,1.024
27375,Dummy,BCM2_I,0.999,1.000
27376,Dummy,BCM2_I,0.999,1.000
27377,Dummy,BCM2_I,0.999,1.000
27378,Dummy,BCM2_I,0.999,1.000
27379,Dummy,BCM2_I,0.999,1.000
27381,LH2,BCM2_I,0.999,1.023
27382,LH2,BCM2_I,0.999,1.024
27383,LH2,BCM2_I,0.999,1.024
27384,LH2,BCM2_I,0.999,1.024
27385,LH2,BCM2_I,0.999,1.024
27386,LH2,BCM2_I,0.999,1.024
27387,LH2,BCM2_I,0.999,1.024
27388,LH2,BCM2_I,0.999,1.023
27389,LH2,BCM2_I,0.999,1.024
27390,LH2,BCM2_I,0.999,1.024
27391,LH2,BCM2_I,0.999,1.023
27392,Dummy,BCM2_I,0.999,1.000
27393,Dummy,BCM2_I,0.999,1.000
27394,Dummy,BCM2_I,0.999,1.000
27395,Dummy,BCM2_I,0.999,1.000
27396,Dummy,BCM2_I,0.999,1.000
27397,Dummy,BCM2_I,0.999,1.000
27399,LD2,BCM2_I,0.999,1.006
27400,LD2,BCM2_I,0.999,1.006
27401,LD2,BCM2_I,0.999,1.005
27402,LD2,BCM2_I,0.999,1.006
27403,LD2,BCM2_I,0.999,1.006
27406,LD2,BCM2_I,0.999,1.006
27407,LD2,BCM2_I,0.999,1.006
27408,LD2,BCM2_I,0.999,1.006
27409,LD2,BCM2_I,0.999,1.006
27410,LD2,BCM2_I,0.999,1.006
27411,LD2,BCM2_I,0.999,1.006
27412,LD2,BCM2_I,0.999,1.006
27413,LD2,BCM2_I,0.999,1.006
27414,LD2,BCM2_I,0.999,1.005
27415,LD2,BCM2_I,0.999,1.006
27417,LD2,BCM2_I,0.999,1.006
27418,LH2,BCM2_I,0.999,1.019
27419,LH2,BCM2_I,0.999,1.019
27420,LH2,BCM2_I,0.999,1.019
27421,LH2,BCM2_I,0.999,1.020
27423,LH2,BCM2_I,0.999,1.020
27424,LH2,BCM2_I,0.999,1.020
27425,LH2,BCM2_I,0.999,1.020
27426,LH2,BCM2_I,0.999,1.020
27427,LH2,BCM2_I,0.999,1.020
27428,LH2,BCM2_I,0.999,1.021
27429,LH2,BCM2_I,0.999,1.021
27430,LH2,BCM2_I,0.999,1.020
27431,LH2,BCM2_I,0.999,1.021
27432,Dummy,BCM2_I,0.999,1.000
27433,Dummy,BCM2_I,0.999,1.000
27435,Dummy,BCM2_I,0.999,1.000
27436,Dummy,BCM2_I,0.999,1.000
27437,Dummy,BCM2_I,0.999,1.000
27438,Dummy,BCM2_I,0.999,1.000
27439,LD2,BCM2_I,0.999,1.006
27440,LD2,BCM2_I,0.999,1.006
27442,LH2,BCM2_I,0.998,1.007
27443,LH2,BCM2_I,0.998,1.007
27444,LH2,BCM2_I,0.998,1.007
27445,LH2,BCM2_I,0.998,1.007
27446,LH2,BCM2_I,0.998,1.007
27447,LH2,BCM2_I,0.998,1.007
27448,LH2,BCM2_I,0.998,1.007
27449,LH2,BCM2_I,0.998,1.007
27451,LH2,BCM2_I,0.998,1.007
27452,LH2,BCM2_I,0.998,1.007
27453,LH2,BCM2_I,0.998,1.007
27454,Dummy,BCM2_I,0.999,1.000
27455,Dummy,BCM2_I,0.999,1.000
27456,Dummy,BCM2_I,0.999,1.000
27457,Dummy,BCM2_I,0.999,1.000
27458,LH2,BCM2_I,0.998,1.007
27459,LH2,BCM2_I,0.998,1.007
27460,LH2,BCM2_I,0.998,1.007
27461,LH2,BCM2_I,0.998,1.007
27462,LH2,BCM2_I,0.998,1.007
27463,LH2,BCM2_I,0.998,1.007
27464,LH2,BCM2_I,0.998,1.007
27465,LH2,BCM2_I,0.998,1.007
27466,LH2,BCM2_I,0.998,1.007
27467,LH2,BCM2_I,0.999,1.020
27468,LH2,BCM2_I,0.999,1.021
27469,LH2,BCM2_I,0.999,1.022
27470,LH2,BCM2_I,0.999,1.022
27471,Dummy,BCM2_I,0.999,1.000
27472,Dummy,BCM2_I,0.999,1.000
27473,LH2,BCM2_I,0.998,1.008
27474,LH2,BCM2_I,0.998,1.008
27475,LH2,BCM2_I,0.998,1.009
27476,LH2,BCM2_I,0.998,1.008
27477,LH2,BCM2_I,0.998,1.008
27478,LH2,BCM2_I,0.998,1.008
27479,LH2,BCM2_I,0.998,1.008
27480,LH2,BCM2_I,0.998,1.009
27481,LH2,BCM2_I,0.998,1.009
27482,LH2,BCM2_I,0.998,1.008
27483,LH2,BCM2_I,0.998,1.008
27484,LH2,BCM2_I,0.998,1.008
27485,LH2,BCM2_I,0.998,1.008
27486,Dummy,BCM2_I,0.999,1.000
27487,Dummy,BCM2_I,0.999,1.000
27488,Dummy,BCM2_I,0.999,1.000
27490,LH2,BCM2_I,0.999,1.022
27491,LH2,BCM2_I,0.999,1.022
27492,LH2,BCM2_I,0.999,1.023
27493,Dummy,BCM2_I,0.999,1.000
27494,Dummy,BCM2_I,0.999,1.000
27495,Dummy,BCM2_I,0.999,1.000
27496,LH2,BCM2_I,0.998,1.008
27497,LH2,BCM2_I,0.998,1.009
27498,LH2,BCM2_I,0.998,1.008
27499,LH2,BCM2_I,0.998,1.009
27500,LH2,BCM2_I,0.998,1.007
27501,LH2,BCM2_I,0.998,1.007
27502,Dummy,BCM2_I,0.999,1.000
27504,Dummy,BCM2_I,0.999,1.000
27505,LH2,BCM2_I,0.999,1.009
27506,LH2,BCM2_I,0.999,1.009
27507,LH2,BCM2_I,0.999,1.020
27508,LH2,BCM2_I,0.999,1.020
27509,LH2,BCM2_I,0.999,1.021
27510,Dummy,BCM2_I,0.999,1.000
27511,Dummy,BCM2_I,0.999,1.000
27512,Dummy,BCM2_I,0.999,1.000
27513,Dummy,BCM2_I,0.999,1.000
27514,LH2,BCM2_I,0.999,1.010
27515,LH2,BCM2_I,0.999,1.010
27516,LH2,BCM2_I,0.999,1.024
27517,LH2,BCM2_I,0.999,1.024
27518,LH2,BCM2_I,0.999,1.022
27519,Dummy,BCM2_I,0.999,1.000
27521,Dummy,BCM2_I,0.999,1.000
27522,Dummy,BCM2_I,0.999,1.000
27523,Dummy,BCM2_I,0.999,1.000
27530,LD2,BCM2_I,0.999,1.013
27532,LD2,BCM2_I,0.999,1.013
27533,LD2,BCM2_I,0.999,1.012
27536,LD2,BCM2_I,0.998,1.004
27537,LD2,BCM2_I,0.998,1.004
27538,LH2,BCM2_I,0.999,1.012
27539,LH2,BCM2_I,0.999,1.012
27540,Dummy,BCM2_I,0.999,1.000
27541,Dummy,BCM2_I,0.999,1.000
27542,LH2,BCM2_I,0.999,1.012
27543,LH2,BCM2_I,0.999,1.012
27544,LH2,BCM2_I,0.999,1.023
27545,LH2,BCM2_I,0.999,1.024
27546,LH2,BCM2_I,0.999,1.024
27547,Dummy,BCM2_I,0.999,1.000
27548,Dummy,BCM2_I,0.999,1.000
27550,Dummy,BCM2_I,0.999,1.000
27551,Dummy,BCM2_I,0.999,1.000
27552,LD2,BCM2_I,0.999,1.006
27553,LD2,BCM2_I,0.999,1.006
27554,LD2,BCM2_I,0.999,1.006
27555,LH2,BCM2_I,0.999,1.020
27556,LH2,BCM2_I,0.999,1.020
27557,LH2,BCM2_I,0.999,1.020
27558,LH2,BCM2_I,0.999,1.023
27559,LH2,BCM2_I,0.999,1.024
27560,LH2,BCM2_I,0.999,1.024
27561,LH2,BCM2_I,0.999,1.024
27562,Dummy,BCM2_I,0.999,1.000
27563,Dummy,BCM2_I,0.999,1.000
27564,Dummy,BCM2_I,0.999,1.000
27565,Dummy,BCM2_I,0.999,1.000
27566,C,BCM2_I,0.999,1.000
27567,C,BCM2_I,0.999,1.000
27571,NONE,BCM2_I,0.999,1.000
27572,Cu,BCM2_I,0.999,1.000
27573,Cu,BCM2_I,0.999,1.000
27574,Al,BCM2_I,0.999,1.000
27575,Al,BCM2_I,0.999,1.000
27576,LD2,BCM2_I,0.999,1.014
27579,LD2,BCM2_I,0.999,1.014
27580,LD2,BCM2_I,0.999,1.014
27581,LH2,BCM2_I,0.999,1.024
27582,LH2,BCM2_I,0.999,1.015
27583,LH2,BCM2_I,0.999,1.023
27584,LH2,BCM2_I,0.999,1.024
27585,LH2,BCM2_I,0.999,1.023
27586,Dummy,BCM2_I,0.999,1.000
27590,Dummy,BCM2_I,0.999,1.000
27591,Dummy,BCM2_I,0.999,1.000
27592,Dummy,BCM2_I,0.999,1.000
27593,C,BCM2_I,0.999,1.000
27594,C,BCM2_I,0.999,1.000
27595,C,BCM2_I,0.999,1.000
27596,C,BCM2_I,0.999,1.000
27597,Cu,BCM2_I,0.999,1.000
27598,Cu,BCM2_I,0.999,1.000
27599,Cu,BCM2_I,0.999,1.000
27600,Cu,BCM2_I,0.999,1.000
27601,Cu,BCM2_I,0.999,1.000
27602,Cu,BCM2_I,0.999,1.000
27603,Cu,BCM2_I,0.999,1.000
27604,LD2,BCM2_I,0.999,1.005
27605,LD2,BCM2_I,0.999,1.005
27606,LD2,BCM2_I,0.999,1.005
27607,LD2,BCM2_I,0.999,1.005
27608,LH2,BCM2_I,0.999,1.015
27609,LH2,BCM2_I,0.999,1.017
27610,LH2,BCM2_I,0.999,1.018
27612,LH2,BCM2_I,-999,-999
27614,Dummy,BCM2_I,-999,-999
27615,Dummy,BCM2_I,0.999,1.000
27616,Dummy,BCM2_I,0.999,1.000
27617,Dummy,BCM2_I,0.999,1.000
27618,Dummy,BCM2_I,0.999,1.000
27619,Dummy,BCM2_I,0.999,1.000
27620,Dummy,BCM2_I,0.999,1.000
27621,Dummy,BCM2_I,0.999,1.000
27622,Dummy,BCM2_I,0.999,1.000
27623,Dummy,BCM2_I,0.999,1.000
27624,LD2,BCM2_I,0.999,1.006
27625,LD2,BCM2_I,0.999,1.006
27626,LD2,BCM2_I,0.999,1.006
27627,LD2,BCM2_I,0.999,1.006
27628,LD2,BCM2_I,0.999,1.006
27629,LD2,BCM2_I,0.999,1.006
27630,LD2,BCM2_I,0.999,1.006
27631,LD2,BCM2_I,0.999,1.006
27632,LH2,BCM2_I,0.999,1.019
27633,LH2,BCM2_I,0.999,1.020
27634,LH2,BCM2_I,0.999,1.021
27635,LH2,BCM2_I,0.999,1.021
27636,LH2,BCM2_I,0.999,1.021
27637,LH2,BCM2_I,0.999,1.020
27638,LH2,BCM2_I,0.999,1.020
27639,LH2,BCM2_I,0.999,1.020
27640,LH2,BCM2_I,0.999,1.020
27641,LH2,BCM2_I,0.999,1.021
27642,LH2,BCM2_I,0.999,1.023
27643,Dummy,BCM2_I,0.999,1.000
27644,Dummy,BCM2_I,0.999,1.000
27650,LD2,BCM2_I,0.998,1.004
27651,LD2,BCM2_I,0.998,1.004
27652,LD2,BCM2_I,0.998,1.004
27653,LD2,BCM2_I,0.998,1.004
27654,LD2,BCM2_I,0.998,1.004
27655,LD2,BCM2_I,0.998,1.004
27656,LD2,BCM2_I,0.998,1.004
27657,LD2,BCM2_I,0.998,1.004
27658,LD2,BCM2_I,0.998,1.004
27659,LD2,BCM2_I,0.998,1.004
27660,LD2,BCM2_I,0.998,1.004
27661,LD2,BCM2_I,0.998,1.004
27662,LD2,BCM2_I,0.998,1.004
27663,LD2,BCM2_I,0.998,1.004
27664,LH2,BCM2_I,0.999,1.013
27665,LH2,BCM2_I,0.999,1.013
27666,LH2,BCM2_I,0.999,1.013
27667,LH2,BCM2_I,0.999,1.013
27668,LH2,BCM2_I,0.999,1.013
27669,LH2,BCM2_I,0.999,1.013
27670,LH2,BCM2_I,0.999,1.013
27671,LH2,BCM2_I,0.999,1.013
27672,LH2,BCM2_I,0.999,1.013
27673,LH2,BCM2_I,0.999,1.013
27674,LH2,BCM2_I,0.999,1.013
27675,LH2,BCM2_I,0.999,1.013
27676,LH2,BCM2_I,0.999,1.013
27677,LH2,BCM2_I,0.999,1.013
27678,Dummy,BCM2_I,0.999,1.000
27679,Dummy,BCM2_I,0.999,1.000
27680,Dummy,BCM2_I,0.999,1.000
27681,LD2,BCM2_I,0.998,1.004
27682,LD2,BCM2_I,0.998,1.004
27683,LD2,BCM2_I,0.998,1.004
27684,LD2,BCM2_I,0.998,1.004
27685,LD2,BCM2_I,0.998,1.004
27686,LD2,BCM2_I,0.998,1.004
27687,LD2,BCM2_I,0.998,1.004
27688,LD2,BCM2_I,0.998,1.004
27689,LD2,BCM2_I,0.998,1.004
27690,LD2,BCM2_I,0.998,1.004
27691,LH2,BCM2_I,0.999,1.013
27692,LH2,BCM2_I,0.999,1.011
27693,LH2,BCM2_I,0.999,1.013
27694,LH2,BCM2_I,0.999,1.013
27695,LH2,BCM2_I,0.999,1.013
27696,LH2,BCM2_I,0.999,1.013
27697,LH2,BCM2_I,0.999,1.013
27698,LH2,BCM2_I,0.999,1.013
27699,Dummy,BCM2_I,0.999,1.000
27700,Dummy,BCM2_I,0.999,1.000
27701,Dummy,BCM2_I,0.999,1.000
27702,Dummy,BCM2_I,0.999,1.000
27703,LH2,BCM2_I,0.999,1.014
27704,LH2,BCM2_I,0.999,1.014
27705,LH2,BCM2_I,0.999,1.014
27706,LH2,BCM2_I,0.999,1.013
27707,LH2,BCM2_I,0.999,1.014
27708,LH2,BCM2_I,0.999,1.014
27709,LH2,BCM2_I,0.999,1.014
27710,LH2,BCM2_I,0.999,1.014
27711,LH2,BCM2_I,0.999,1.014
27712,LH2,BCM2_I,0.999,1.014
27713,LH2,BCM2_I,0.999,1.014
27714,Dummy,BCM2_I,0.999,1.000
27715,Dummy,BCM2_I,0.999,1.000
27716,Dummy,BCM2_I,0.999,1.000
27717,Dummy,BCM2_I,0.999,1.000
27718,LH2,BCM2_I,0.999,1.014
27719,LH2,BCM2_I,0.999,1.014
27720,LH2,BCM2_I,0.999,1.013
27721,LH2,BCM2_I,0.999,1.014
27722,LH2,BCM2_I,0.999,1.014
27723,LH2,BCM2_I,0.999,1.014
27724,LH2,BCM2_I,0.999,1.014
27725,LH2,BCM2_I,0.999,1.013
27726,LH2,BCM2_I,0.999,1.013
27727,LH2,BCM2_I,0.999,1.013
27728,LH2,BCM2_I,0.999,1.014
27730,Dummy,BCM2_I,0.999,1.000
27731,Dummy,BCM2_I,0.999,1.000
27732,Dummy,BCM2_I,0.999,1.000
27733,LH2,BCM2_I,0.999,1.022
27734,LH2,BCM2_I,0.999,1.023
27735,LH2,BCM2_I,-999,-999
27736,Dummy,BCM2_I,0.999,1.000
27737,Dummy,BCM2_I,-999,-999
27738,LD2,BCM2_I,-999,-999
27739,LH2,BCM2_I,0.999,1.024
27740,LH2,BCM2_I,0.999,1.023
27741,LH2,BCM2_I,-999,-999
27742,Dummy,BCM2_I,0.999,1.000
27743,Dummy,BCM2_I,-999,-999
27744,LD2,BCM2_I,-999,-999
27745,LH2,BCM2_I,0.999,1.018
27746,LH2,BCM2_I,0.999,1.018
27747,Cu,BCM2_I,0.999,1.000
27748,Cu,BCM2_I,0.999,1.000
27749,LH2,BCM2_I,0.999,1.015
27750,LH2,BCM2_I,0.999,1.015
27751,LH2,BCM2_I,0.999,1.014
27752,LH2,BCM2_I,0.999,1.014
27753,LD2,BCM2_I,0.998,1.004
27754,LD2,BCM2_I,0.998,1.004
27756,LH2,BCM2_I,0.999,1.013
27757,LH2,BCM2_I,0.999,1.014
27758,LH2,BCM2_I,0.999,1.014
27759,LH2,BCM2_I,0.999,1.014
27760,LH2,BCM2_I,0.999,1.014
27761,LH2,BCM2_I,0.999,1.014
27762,LH2,BCM2_I,0.999,1.014
27763,Dummy,BCM2_I,0.999,1.000
27764,Dummy,BCM2_I,0.999,1.000
27765,Dummy,BCM2_I,0.999,1.000
27766,Dummy,BCM2_I,0.999,1.000
27767,LH2,BCM2_I,0.998,1.008
27768,LH2,BCM2_I,0.998,1.008
27769,LH2,BCM2_I,0.998,1.006
27770,LH2,BCM2_I,0.998,1.006
27771,Dummy,BCM2_I,0.999,1.000
27772,LH2,BCM2_I,0.999,1.013
27773,Dummy,BCM2_I,0.999,1.000
27774,LH2,BCM2_I,0.998,1.007
27775,LH2,BCM2_I,0.998,1.007
27776,LH2,BCM2_I,0.998,1.008
27777,LH2,BCM2_I,0.998,1.008
27778,LH2,BCM2_I,0.998,1.008
27779,LH2,BCM2_I,0.998,1.009
27780,LH2,BCM2_I,0.998,1.008
27783,Dummy,BCM2_I,0.999,1.000
27786,Dummy,BCM2_I,0.999,1.000
27787,LH2,BCM2_I,0.999,1.020
27788,Dummy,BCM2_I,0.999,1.000
27789,LH2,BCM2_I,0.999,1.010
27790,LH2,BCM2_I,0.999,1.010
27791,LH2,BCM2_I,0.999,1.010
27792,LH2,BCM2_I,0.999,1.010
27793,LH2,BCM2_I,0.999,1.010
27794,LH2,BCM2_I,0.999,1.010
27795,LH2,BCM2_I,0.999,1.010
27796,Dummy,BCM2_I,0.999,1.000
27798,Dummy,BCM2_I,0.999,1.000
27799,LH2,BCM2_I,0.998,1.006
27800,LH2,BCM2_I,0.998,1.006
27801,LH2,BCM2_I,0.998,1.006
27802,Dummy,BCM2_I,0.999,1.000
27803,LH2,BCM2_I,0.998,1.009
27804,LH2,BCM2_I,0.998,1.009
27805,LH2,BCM2_I,0.999,1.009
27806,Dummy,BCM2_I,0.999,1.000
27807,LH2,BCM2_I,0.999,1.016
27809,LH2,BCM2_I,0.999,1.018
27810,LH2,BCM2_I,0.999,1.013
27811,LH2,BCM2_I,0.999,1.010
27812,LH2,BCM2_I,0.998,1.007
27813,LH2,BCM2_I,0.996,1.003
27814,LH2,BCM2_I,0.999,1.019
27815,LH2,BCM2_I,0.999,1.016
27816,LH2,BCM2_I,0.999,1.013
27817,LH2,BCM2_I,0.999,1.010
27818,LH2,BCM2_I,0.998,1.006
27819,LH2,BCM2_I,0.998,1.007
27820,LH2,BCM2_I,0.996,1.003
27821,LH2,BCM2_I,0.999,1.020
27822,LH2,BCM2_I,0.999,1.020
27823,LH2,BCM2_I,0.999,1.020
27824,LH2,BCM2_I,0.999,1.020
27825,Dummy,BCM2_I,0.999,1.000
27826,Dummy,BCM2_I,0.999,1.000
27827,Dummy,BCM2_I,0.999,1.000
27828,LH2,BCM2_I,0.999,1.020
27829,LH2,BCM2_I,0.999,1.020
27830,LH2,BCM2_I,0.999,1.020
27831,LH2,BCM2_I,0.999,1.020
27832,LH2,BCM2_I,0.999,1.020
27833,LH2,BCM2_I,0.999,1.020
27834,LH2,BCM2_I,0.999,1.021
27835,LH2,BCM2_I,0.999,1.020
27836,Dummy,BCM2_I,0.999,1.000
27837,Dummy,BCM2_I,0.999,1.000
27838,Dummy,BCM2_I,0.999,1.000
27839,Dummy,BCM2_I,0.999,1.000
27840,Dummy,BCM2_I,0.999,1.000
27841,LH2,BCM2_I,0.999,1.020
27842,Dummy,BCM2_I,0.999,1.000
27843,Dummy,BCM2_I,0.999,1.000
27844,LH2,BCM2_I,0.999,1.017
27845,LH2,BCM2_I,0.999,1.017
27846,LH2,BCM2_I,0.999,1.017
27847,LD2,BCM2_I,0.999,1.006
27848,LD2,BCM2_I,0.999,1.006
27849,LD2,BCM2_I,0.999,1.006
27850,LD2,BCM2_I,0.999,1.006
27852,Dummy,BCM2_I,0.999,1.000
27853,Dummy,BCM2_I,0.999,1.000
27854,Dummy,BCM2_I,0.999,1.000
27855,LH2,BCM2_I,0.999,1.017
27856,LH2,BCM2_I,0.999,1.017
27857,LH2,BCM2_I,0.999,1.017
27858,LH2,BCM2_I,0.999,1.020
27859,Dummy,BCM2_I,0.999,1.000
27860,LH2,BCM2_I,0.999,1.020
27861,LH2,BCM2_I,0.999,1.020
27862,LH2,BCM2_I,0.999,1.021
27863,LH2,BCM2_I,0.999,1.020
27864,LH2,BCM2_I,0.999,1.020
27865,LH2,BCM2_I,0.999,1.020
27867,Dummy,BCM2_I,0.999,1.000
27868,Dummy,BCM2_I,0.999,1.000
27870,Dummy,BCM2_I,0.999,1.000
27871,LH2,BCM2_I,0.999,1.020
27872,LH2,BCM2_I,0.999,1.020
27873,LH2,BCM2_I,0.999,1.020
27874,Dummy,BCM2_I,0.999,1.000
27875,LD2,BCM2_I,0.999,1.011
27876,LD2,BCM2_I,0.999,1.011
27877,LD2,BCM2_I,0.999,1.011
27878,LD2,BCM2_I,0.999,1.011
27879,LD2,BCM2_I,0.999,1.010
27881,Dummy,BCM2_I,0.999,1.000
27883,Dummy,BCM2_I,0.999,1.000
27884,Dummy,BCM2_I,0.999,1.000
27885,Dummy,BCM2_I,0.999,1.000
27886,LH2,BCM2_I,0.999,1.020
27887,LH2,BCM2_I,0.999,1.019
27888,LH2,BCM2_I,0.999,1.018
27891,LH2,BCM2_I,0.999,1.020
27892,LH2,BCM2_I,0.999,1.020
27893,LH2,BCM2_I,0.999,1.019
27894,LH2,BCM2_I,0.999,1.020
27895,LH2,BCM2_I,0.999,1.020
27896,Al,BCM2_I,0.999,1.000
27897,Al,BCM2_I,0.999,1.000
27898,Cu,BCM2_I,0.999,1.000
27899,Cu,BCM2_I,0.999,1.000
27900,Cu,BCM2_I,0.999,1.000
27901,Cu,BCM2_I,0.999,1.000
27902,Cu,BCM2_I,0.999,1.000
27903,Cu,BCM2_I,0.999,1.000
27904,Cu,BCM2_I,0.999,1.000
27905,C,BCM2_I,0.999,1.000
27906,C,BCM2_I,0.999,1.000
27907,C,BCM2_I,0.999,1.000
27908,C,BCM2_I,0.999,1.000
27909,C,BCM2_I,0.999,1.000
27910,C,BCM2_I,0.999,1.000
27911,C,BCM2_I,0.999,1.000
27912,LD2,BCM2_I,0.999,1.011
27913,LD2,BCM2_I,0.999,1.011
27914,Dummy,BCM2_I,0.999,1.000
27915,LH2,BCM2_I,0.999,1.020
27916,LH2,BCM2_I,0.999,1.020
27918,C,BCM2_I,-999,-999
27925,C,BCM2_I,0.999,1.000
27926,C,BCM2_I,0.999,1.000
27927,Cu,BCM2_I,0.999,1.000
27928,Cu,BCM2_I,0.999,1.000
27929,Cu,BCM2_I,0.999,1.000
27931,Cu,BCM2_I,0.999,1.000
27932,LH2,BCM2_I,0.999,1.018
27933,LH2,BCM2_I,0.999,1.019
27934,LH2,BCM2_I,0.999,1.018
27935,LH2,BCM2_I,0.999,1.019
27936,LH2,BCM2_I,0.999,1.018
27937,LH2,BCM2_I,0.999,1.019
27938,LH2,BCM2_I,0.999,1.019
27939,LH2,BCM2_I,0.999,1.019
27940,Dummy,BCM2_I,0.999,1.000
27941,Dummy,BCM2_I,0.999,1.000
27942,Dummy,BCM2_I,0.999,1.000
27943,Dummy,BCM2_I,0.999,1.000
27944,Dummy,BCM2_I,0.999,1.000
27945,Dummy,BCM2_I,0.999,1.000
27946,Dummy,BCM2_I,0.999,1.000
27947,LH2,BCM2_I,0.999,1.020
27948,LH2,BCM2_I,0.999,1.020
27949,LH2,BCM2_I,0.999,1.020
27951,LH2,BCM2_I,0.999,1.022
27952,LH2,BCM2_I,0.999,1.022
27953,LH2,BCM2_I,0.999,1.023
27954,LH2,BCM2_I,0.999,1.023
27956,LD2,BCM2_I,0.999,1.011
27957,LD2,BCM2_I,0.999,1.013
27958,LD2,BCM2_I,0.999,1.014
27959,LD2,BCM2_I,0.999,1.014
27962,LH2,BCM2_I,0.999,1.024
27963,LH2,BCM2_I,0.999,1.024
27964,LH2,BCM2_I,0.999,1.023
27965,LH2,BCM2_I,0.999,1.023
27966,LH2,BCM2_I,0.999,1.023
27967,LH2,BCM2_I,0.999,1.024
27968,LH2,BCM2_I,0.999,1.024
27969,LH2,BCM2_I,0.999,1.024
27970,LH2,BCM2_I,0.999,1.024
27972,Dummy,BCM2_I,0.999,1.000
27973,Dummy,BCM2_I,0.999,1.000
27974,Dummy,BCM2_I,0.999,1.000
27975,Dummy,BCM2_I,0.999,1.000
27976,LH2,BCM2_I,0.999,1.023
27977,LH2,BCM2_I,0.999,1.024
27978,LH2,BCM2_I,0.999,1.022
27979,LH2,BCM2_I,0.999,1.024
27980,LH2,BCM2_I,0.999,1.024
27981,LH2,BCM2_I,0.999,1.024
27982,LH2,BCM2_I,0.999,1.024
27983,Dummy,BCM2_I,0.999,1.000
27984,Dummy,BCM2_I,0.999,1.000
27985,Dummy,BCM2_I,0.999,1.000
27986,Dummy,BCM2_I,0.999,1.000
27987,LD2,BCM2_I,0.999,1.014
27988,LD2,BCM2_I,0.999,1.013
27989,LD2,BCM2_I,0.999,1.013
27990,LD2,BCM2_I,0.999,1.014
27992,LD2,BCM2_I,0.999,1.013
27993,LD2,BCM2_I,0.999,1.014
27994,LD2,BCM2_I,0.999,1.013
27995,LD2,BCM2_I,0.999,1.014
27996,LD2,BCM2_I,0.999,1.011
27997,LD2,BCM2_I,0.999,1.007
27998,LD2,BCM2_I,0.997,1.003
27999,LD2,BCM2_I,0.996,1.002
28000,LH2,BCM2_I,0.999,1.024
28001,LH2,BCM2_I,0.999,1.018
28002,LH2,BCM2_I,0.999,1.012
28003,LH2,BCM2_I,0.997,1.005
28004,LH2,BCM2_I,0.996,1.003
28005,Dummy,BCM2_I,0.999,1.000
28006,C,BCM2_I,0.999,1.000
28007,C,BCM2_I,0.999,1.000
28008,C,BCM2_I,0.997,1.000
28010,C,BCM2_I,0.996,1.000
28012,C,BCM2_I,0.992,1.000
28014,Cu,BCM2_I,0.999,1.000
28015,Cu,BCM2_I,0.999,1.000
28016,Cu,BCM2_I,0.999,1.000
28018,Cu,BCM2_I,0.997,1.000
28019,Cu,BCM2_I,0.996,1.000
28020,Cu,BCM2_I,0.992,1.000
28021,LD2,BCM2_I,0.999,1.013
28022,Dummy,BCM2_I,0.999,1.000
28023,LH2,BCM2_I,0.999,1.024
28024,LH2,BCM2_I,0.999,1.024
28025,LH2,BCM2_I,0.999,1.024
28026,LH2,BCM2_I,0.999,1.022
28027,LH2,BCM2_I,0.999,1.023
28028,LH2,BCM2_I,0.999,1.024
28029,LH2,BCM2_I,0.999,1.024
28030,Dummy,BCM2_I,0.999,1.000
28031,Dummy,BCM2_I,0.999,1.000
28032,C,BCM2_I,0.999,1.000
28033,C,BCM2_I,0.999,1.000
28034,Cu,BCM2_I,0.999,1.000
28035,Cu,BCM2_I,-999,-999
28036,Cu,BCM2_I,0.999,1.000
28037,Cu,BCM2_I,0.999,1.000
28038,Al,BCM2_I,0.999,1.000
28039,LD2,BCM2_I,0.999,1.009
28040,LD2,BCM2_I,0.999,1.009
28042,LD2,BCM2_I,0.998,1.005
28043,LD2,BCM2_I,0.999,1.006
28045,LD2,BCM2_I,0.999,1.005
28048,Dummy,BCM2_I,0.999,1.000
28049,Dummy,BCM2_I,0.999,1.000
28050,LH2,BCM2_I,0.999,1.015
28051,LH2,BCM2_I,0.999,1.017
28052,LH2,BCM2_I,0.999,1.015
28053,LH2,BCM2_I,0.999,1.016
28054,Dummy,BCM2_I,0.999,1.000
28055,Dummy,BCM2_I,0.999,1.000
28056,Dummy,BCM2_I,0.999,1.000
28057,LH2,BCM2_I,0.998,1.009
28058,LH2,BCM2_I,0.999,1.019
28059,Dummy,BCM2_I,0.999,1.000
28060,Dummy,BCM2_I,0.999,1.000
28061,Dummy,BCM2_I,0.999,1.000
28062,LH2,BCM2_I,0.999,1.010
28063,LH2,BCM2_I,0.999,1.009
28064,LH2,BCM2_I,0.999,1.010
28065,LH2,BCM2_I,0.998,1.006
28066,Dummy,BCM2_I,0.999,1.000
28067,Dummy,BCM2_I,0.999,1.000
28068,Dummy,BCM2_I,0.999,1.000
28069,LH2,BCM2_I,0.998,1.008
28073,LH2,BCM2_I,0.998,1.008
28074,LH2,BCM2_I,0.998,1.008
28076,LH2,BCM2_I,0.998,1.006
28077,Dummy,BCM2_I,0.999,1.000
28078,Dummy,BCM2_I,0.999,1.000
28080,LH2,BCM2_I,0.998,1.007
28081,LH2,BCM2_I,0.999,1.014
28082,Dummy,BCM2_I,0.999,1.000
28083,LH2,BCM2_I,0.999,1.023
28084,LH2,BCM2_I,0.999,1.023
28085,LH2,BCM2_I,-999,-999
28086,Dummy,BCM2_I,0.999,1.000
28087,Dummy,BCM2_I,-999,-999
28088,Dummy,BCM2_I,-999,-999
28089,LD2,BCM2_I,-999,-999
28090,LD2,BCM2_I,-999,-999
28091,LH2,BCM2_I,0.999,1.023
28092,LH2,BCM2_I,0.999,1.024
28093,LH2,BCM2_I,0.999,1.023
28094,LH2,BCM2_I,0.999,1.025
28095,Dummy,BCM2_I,0.999,1.000
28098,LH2,BCM2_I,0.999,1.023
28099,LH2,BCM2_I,0.999,1.025
28100,LH2,BCM2_I,0.999,1.025
28101,LH2,BCM2_I,0.999,1.024
28102,LH2,BCM2_I,0.999,1.024
28103,LH2,BCM2_I,0.999,1.024
28104,LH2,BCM2_I,0.999,1.024
28105,LH2,BCM2_I,0.999,1.024
28106,LH2,BCM2_I,0.999,1.024
28108,LH2,BCM2_I,0.999,1.015
28109,Dummy,BCM2_I,0.999,1.000
28110,LH2,BCM2_I,0.999,1.016
28111,LH2,BCM2_I,0.999,1.016
28112,LH2,BCM2_I,0.999,1.016
28113,LH2,BCM2_I,0.999,1.017
28114,LH2,BCM2_I,0.999,1.017
28117,Dummy,BCM2_I,0.999,1.000
28118,Dummy,BCM2_I,0.999,1.000
28119,LD2,BCM2_I,0.999,1.006
28120,LD2,BCM2_I,0.999,1.006
28122,LD2,BCM2_I,0.999,1.006
28123,Dummy,BCM2_I,0.999,1.000
28124,LD2,BCM2_I,0.997,1.003
28125,LD2,BCM2_I,0.997,1.003
28126,LD2,BCM2_I,0.997,1.003
28127,Dummy,BCM2_I,0.999,1.000
28128,Dummy,BCM2_I,0.999,1.000
28129,LH2,BCM2_I,0.999,1.010
28130,LH2,BCM2_I,0.999,1.010
28131,LH2,BCM2_I,0.999,1.011
28132,LH2,BCM2_I,0.999,1.011
28133,LD2,BCM2_I,0.998,1.003
28134,LD2,BCM2_I,0.998,1.003
28135,LD2,BCM2_I,0.997,1.003
28136,LH2,BCM2_I,0.999,1.017
28137,LH2,BCM2_I,0.999,1.017
28138,LH2,BCM2_I,0.999,1.017
28139,LH2,BCM2_I,0.999,1.017
28140,Dummy,BCM2_I,0.999,1.000
28141,Dummy,BCM2_I,0.999,1.000
28142,LH2,BCM2_I,0.999,1.016
28143,LH2,BCM2_I,0.999,1.016
28144,LH2,BCM2_I,0.999,1.015
28145,LH2,BCM2_I,0.999,1.016
28148,LH2,BCM2_I,0.999,1.016
28149,Dummy,BCM2_I,0.999,1.000
28150,Dummy,BCM2_I,0.999,1.000
28152,Dummy,BCM2_I,0.999,1.000
28154,LH2,BCM2_I,0.999,1.016
28155,LH2,BCM2_I,0.999,1.017
28156,LH2,BCM2_I,0.999,1.018
28157,LH2,BCM2_I,0.999,1.021
28158,LH2,BCM2_I,0.999,1.020
28159,LH2,BCM2_I,0.999,1.023
28160,LH2,BCM2_I,0.999,1.024
28161,LH2,BCM2_I,0.999,1.023
28162,LH2,BCM2_I,0.999,1.023
28163,LH2,BCM2_I,0.999,1.023
28164,LH2,BCM2_I,0.999,1.022
28165,Dummy,BCM2_I,0.999,1.000
28166,Dummy,BCM2_I,0.999,1.000
28167,Dummy,BCM2_I,0.999,1.000
28168,Dummy,BCM2_I,0.999,1.000
28169,Dummy,BCM2_I,0.999,1.000
28170,Dummy,BCM2_I,0.999,1.000
28171,Dummy,BCM2_I,0.999,1.000
28172,Dummy,BCM2_I,0.999,1.000
28173,Dummy,BCM2_I,0.999,1.000
28174,Dummy,BCM2_I,0.999,1.000
28175,Dummy,BCM2_I,0.999,1.000
28176,LH2,BCM2_I,0.999,1.022
28177,LH2,BCM2_I,0.999,1.024
28178,LH2,BCM2_I,0.999,1.024
28179,LH2,BCM2_I,0.999,1.024
28180,LH2,BCM2_I,0.999,1.024
28181,LH2,BCM2_I,0.999,1.024
28182,LH2,BCM2_I,0.999,1.022
28183,LH2,BCM2_I,0.999,1.022
28184,Dummy,BCM2_I,0.999,1.000
28185,Dummy,BCM2_I,0.999,1.000
28186,Dummy,BCM2_I,0.999,1.000
28187,LH2,BCM2_I,0.999,1.017
28188,LH2,BCM2_I,0.999,1.017
28189,LH2,BCM2_I,0.999,1.017
28190,LH2,BCM2_I,0.999,1.017
28191,Dummy,BCM2_I,0.999,1.000
28192,Dummy,BCM2_I,0.999,1.000
28193,C,BCM2_I,0.999,1.000
28194,C,BCM2_I,0.999,1.000
28195,C,BCM2_I,0.999,1.000
28196,Cu,BCM2_I,0.999,1.000
28197,Cu,BCM2_I,0.999,1.000
28198,Cu,BCM2_I,0.999,1.000
28199,LD2,BCM2_I,0.998,1.005
28200,LD2,BCM2_I,0.998,1.005
28201,LD2,BCM2_I,0.998,1.005
28202,LD2,BCM2_I,0.998,1.005
28203,LD2,BCM2_I,0.998,1.005
28204,LD2,BCM2_I,0.998,1.005
28205,LD2,BCM2_I,0.998,1.005
28206,Dummy,BCM2_I,0.999,1.000
28207,C,BCM2_I,0.999,1.000
28208,Cu,BCM2_I,0.999,1.000
28209,Cu,BCM2_I,0.999,1.000
28210,LH2,BCM2_I,0.999,1.017
28211,LH2,BCM2_I,0.999,1.013
28212,LH2,BCM2_I,0.999,1.010
28213,LH2,BCM2_I,0.998,1.007
28214,LH2,BCM2_I,0.996,1.003
28215,LH2,BCM2_I,0.999,1.017
28216,LH2,BCM2_I,0.999,1.014
28217,LH2,BCM2_I,0.999,1.010
28218,LH2,BCM2_I,0.998,1.007
28219,LH2,BCM2_I,0.996,1.003
28220,LH2,BCM2_I,0.999,1.023
28221,LH2,BCM2_I,0.999,1.024
28222,LH2,BCM2_I,0.999,1.024
28223,LH2,BCM2_I,0.999,1.024
28224,LH2,BCM2_I,0.999,1.023
28225,LH2,BCM2_I,0.999,1.023
28226,Dummy,BCM2_I,0.999,1.000
28227,Dummy,BCM2_I,0.999,1.000
28228,Dummy,BCM2_I,0.999,1.000
28229,Dummy,BCM2_I,0.999,1.000
28230,C,BCM2_I,0.999,1.000
28231,C,BCM2_I,0.999,1.000
28232,C,BCM2_I,0.999,1.000
28233,Cu,BCM2_I,0.999,1.000
28234,Cu,BCM2_I,0.999,1.000
28235,Cu,BCM2_I,0.999,1.000
28236,Cu,BCM2_I,0.999,1.000
28237,Cu,BCM2_I,0.999,1.000
28239,Al,BCM2_I,0.999,1.000
28240,LD2,BCM2_I,0.999,1.008
28241,LD2,BCM2_I,0.999,1.008
28242,LD2,BCM2_I,0.999,1.009
28243,LD2,BCM2_I,0.999,1.009
28244,LD2,BCM2_I,0.999,1.008
28245,LD2,BCM2_I,0.999,1.009
28246,LD2,BCM2_I,0.999,1.014
28247,LD2,BCM2_I,0.999,1.013
28248,Dummy,BCM2_I,0.999,1.000
28249,Dummy,BCM2_I,0.999,1.000
28250,Dummy,BCM2_I,0.999,1.000
28251,Dummy,BCM2_I,0.999,1.000
28252,C,BCM2_I,0.999,1.000
28253,C,BCM2_I,0.999,1.000
28254,C,BCM2_I,0.999,1.000
28255,C,BCM2_I,0.999,1.000
28256,Cu,BCM2_I,0.999,1.000
28257,Cu,BCM2_I,0.999,1.000
28258,Cu,BCM2_I,0.999,1.000
28259,Cu,BCM2_I,0.999,1.000
28260,LH2,BCM2_I,0.999,1.020
28261,LH2,BCM2_I,0.999,1.020
28262,LH2,BCM2_I,0.999,1.020
28263,LH2,BCM2_I,0.999,1.021
28264,LH2,BCM2_I,0.999,1.020
28265,LH2,BCM2_I,0.999,1.020
28266,LH2,BCM2_I,0.999,1.019
28267,LD2,BCM2_I,0.999,1.014
28268,LH2,BCM2_I,0.999,1.023
28269,Dummy,BCM2_I,0.999,1.000
28270,LD2,BCM2_I,0.999,1.014
28276,LH2,BCM2_I,0.999,1.024
28277,LH2,BCM2_I,0.999,1.024
28278,LH2,BCM2_I,0.999,1.023
28280,Dummy,BCM2_I,0.999,1.000
28281,Dummy,BCM2_I,0.999,1.000
28282,Dummy,BCM2_I,0.999,1.000
28283,Dummy,BCM2_I,0.999,1.000
28284,Dummy,BCM2_I,0.999,1.000
28285,Dummy,BCM2_I,0.999,1.000
28286,Dummy,BCM2_I,0.999,1.000
28287,LH2,BCM2_I,0.999,1.023
28288,LH2,BCM2_I,0.999,1.023
28289,LH2,BCM2_I,0.999,1.024
28290,LH2,BCM2_I,0.999,1.022
28291,LH2,BCM2_I,0.999,1.022
28292,LH2,BCM2_I,0.999,1.023
28293,LH2,BCM2_I,0.999,1.023
28294,LH2,BCM2_I,0.999,1.023
28295,LH2,BCM2_I,0.999,1.023
28296,LH2,BCM2_I,-999,-999
